<?xml version="1.0" encoding="UTF-8"?>
<project-private xmlns="http://www.netbeans.org/ns/project-private/1">
    <editor-bookmarks xmlns="http://www.netbeans.org/ns/editor-bookmarks/2" lastBookmarkId="0"/>
    <open-files xmlns="http://www.netbeans.org/ns/projectui-open-files/2">
        <group>
            <file>file:/D:/NetBeansProjects/laboratorio%20de%20proyecto/laboratorio%20de%20proyecto/Lab1/src/Codigo/recibo.java</file>
            <file>file:/D:/NetBeansProjects/laboratorio%20de%20proyecto/laboratorio%20de%20proyecto/Lab1/src/Codigo/Planilla.java</file>
        </group>
    </open-files>
</project-private>
